title,year,rating,votes,genre,director,cast,duration_mins,plot_summary,language
The Shawshank Redemption,1994,9.3,2800000,Drama,Frank Darabont,"Tim Robbins, Morgan Freeman, Bob Gunton",142,"Two imprisoned men bond over a number of years, finding solace and eventual redemption through acts of common decency.",English
The Godfather,1972,9.2,1900000,Crime|Drama,Francis Ford Coppola,"Marlon Brando, Al Pacino, James Caan",175,The aging patriarch of an organized crime dynasty transfers control of his clandestine empire to his reluctant son.,English
The Dark Knight,2008,9.0,2700000,Action|Crime|Drama,Christopher Nolan,"Christian Bale, Heath Ledger, Aaron Eckhart",152,When the menace known as the Joker wreaks havoc and chaos on the people of Gotham the Batman must accept one of the greatest psychological and physical tests of his ability to fight injustice.,English
The Godfather Part II,1974,9.0,1300000,Crime|Drama,Francis Ford Coppola,"Al Pacino, Robert De Niro, Robert Duvall",202,The early life and career of Vito Corleone in 1920s New York City is portrayed while his son Michael expands and tightens his grip on the family crime syndicate.,English
12 Angry Men,1957,9.0,800000,Crime|Drama,Sidney Lumet,"Henry Fonda, Lee J. Cobb, Martin Balsam",96,The jury in a New York City murder trial is frustrated by a single member whose skeptical caution forces them to examine the evidence more carefully.,English
Schindler's List,1993,8.9,1400000,Biography|Drama|History,Steven Spielberg,"Liam Neeson, Ralph Fiennes, Ben Kingsley",195,In German-occupied Poland during World War II industrialist Oskar Schindler gradually becomes concerned for his Jewish workforce after witnessing their persecution by the Nazis.,English
The Lord of the Rings: The Return of the King,2003,8.9,1800000,Adventure|Drama|Fantasy,Peter Jackson,"Elijah Wood, Viggo Mortensen, Ian McKellen",201,Gandalf and Aragorn lead the World of Men against Sauron's army to draw his gaze from Frodo and Sam as they approach Mount Doom with the One Ring.,English
Pulp Fiction,1994,8.9,2100000,Crime|Drama,Quentin Tarantino,"John Travolta, Uma Thurman, Samuel L. Jackson",154,"The lives of two mob hitmen, a boxer, a gangster and his wife, and a pair of diner bandits intertwine in four tales of violence and redemption.",English
The Lord of the Rings: The Fellowship of the Ring,2001,8.8,1800000,Adventure|Drama|Fantasy,Peter Jackson,"Elijah Wood, Ian McKellen, Orlando Bloom",178,A meek Hobbit from the Shire and eight companions set out on a journey to destroy the powerful One Ring and save Middle-earth from the Dark Lord Sauron.,English
Forrest Gump,1994,8.8,2000000,Drama|Romance,Robert Zemeckis,"Tom Hanks, Robin Wright, Gary Sinise",142,The presidencies of Kennedy and Johnson the Vietnam War the Watergate scandal and other historical events unfold from the perspective of an Alabama man with an IQ of 75.,English
Fight Club,1999,8.8,2200000,Drama,David Fincher,"Brad Pitt, Edward Norton, Helena Bonham Carter",139,An insomniac office worker and a devil-may-care soap maker form an underground fight club that evolves into an anarchist organization.,English
Inception,2010,8.8,2400000,Action|Adventure|Sci-Fi,Christopher Nolan,"Leonardo DiCaprio, Joseph Gordon-Levitt, Elliot Page",148,A thief who steals corporate secrets through the use of dream-sharing technology is given the inverse task of planting an idea into the mind of a C.E.O.,English
The Lord of the Rings: The Two Towers,2002,8.7,1700000,Adventure|Drama|Fantasy,Peter Jackson,"Elijah Wood, Ian McKellen, Viggo Mortensen",179,While Frodo and Sam edge closer to Mordor with the help of the shifty Gollum the divided fellowship makes a stand against Sauron's new ally Saruman and his hordes of Isengard.,English
Goodfellas,1990,8.7,1100000,Biography|Crime|Drama,Martin Scorsese,"Ray Liotta, Robert De Niro, Joe Pesci",146,The story of Henry Hill and his life in the mob covering his relationship with his wife Karen Hill and his mob partners Jimmy Conway and Tommy DeVito in the Italian-American crime syndicate.,English
The Matrix,1999,8.7,1900000,Action|Sci-Fi,Lana Wachowski,"Keanu Reeves, Laurence Fishburne, Carrie-Anne Moss",136,When a beautiful stranger leads computer hacker Neo to a forbidding underworld he discovers the shocking truth about reality.,English
Star Wars: Episode V - The Empire Strikes Back,1980,8.7,1300000,Action|Adventure|Fantasy,Irvin Kershner,"Mark Hamill, Harrison Ford, Carrie Fisher",124,After the Rebels are brutally overpowered by the Empire on the ice planet Hoth Luke Skywalker begins Jedi training with Yoda while his friends are pursued across the galaxy by Darth Vader.,English
Interstellar,2014,8.7,1800000,Adventure|Drama|Sci-Fi,Christopher Nolan,"Matthew McConaughey, Anne Hathaway, Jessica Chastain",169,A team of explorers travel through a wormhole in space in an attempt to ensure humanity's survival.,English
One Flew Over the Cuckoo's Nest,1975,8.7,1000000,Drama,Milos Forman,"Jack Nicholson, Louise Fletcher, Will Sampson",133,A criminal pleads insanity and is admitted to a mental institution where he rebels against the oppressive nurse and rallies up the scared patients.,English
Saving Private Ryan,1998,8.6,1400000,Drama|War,Steven Spielberg,"Tom Hanks, Matt Damon, Tom Sizemore",169,Following the Normandy Landings a group of U.S. soldiers go behind enemy lines to retrieve a paratrooper whose brothers have been killed in action.,English
The Silence of the Lambs,1991,8.6,1500000,Crime|Drama|Thriller,Jonathan Demme,"Jodie Foster, Anthony Hopkins, Lawrence A. Bonney",118,A young F.B.I. cadet must receive the help of an incarcerated and manipulative cannibal killer to help catch another serial killer.,English
Se7en,1995,8.6,1600000,Crime|Drama|Mystery,David Fincher,"Morgan Freeman, Brad Pitt, Kevin Spacey",127,"Two detectives, a rookie and a veteran, hunt a serial killer who uses the seven deadly sins as his motives.",English
The Green Mile,1999,8.6,1300000,Crime|Drama|Fantasy,Frank Darabont,"Tom Hanks, Michael Clarke Duncan, David Morse",189,"The lives of guards on Death Row are affected by one of their charges: a black man accused of child murder and rape, yet who has a mysterious gift.",English
Spirited Away,2001,8.6,720000,Animation|Adventure|Family,Hayao Miyazaki,"Daveigh Chase, Suzanne Pleshette, Miyu Irino",125,During her family's move to the suburbs a sulky 10-year-old girl wanders into a world ruled by gods witches and spirits where humans are changed into beasts.,Japanese
Star Wars: Episode IV - A New Hope,1977,8.6,1400000,Action|Adventure|Fantasy,George Lucas,"Mark Hamill, Harrison Ford, Carrie Fisher",121,Luke Skywalker joins forces with a Jedi Knight a cocky pilot a Wookiee and two droids to save the galaxy from the Empire's world-destroying battle station.,English
Oppenheimer,2023,8.6,750000,Biography|Drama|History,Christopher Nolan,"Cillian Murphy, Emily Blunt, Matt Damon",180,The story of American scientist J. Robert Oppenheimer and his role in the development of the atomic bomb during World War II.,English
Léon: The Professional,1994,8.5,1100000,Action|Crime|Drama,Luc Besson,"Jean Reno, Natalie Portman, Gary Oldman",110,"Mathilda, a 12-year-old girl, is reluctantly taken in by Léon, a professional assassin, after her family is murdered.",French
The Usual Suspects,1995,8.5,1100000,Crime|Mystery|Thriller,Bryan Singer,"Kevin Spacey, Gabriel Byrne, Chazz Palminteri",106,"A sole survivor tells of the twisty events leading up to a horrific gun battle on a boat, which began when five criminals met at a seemingly random police lineup.",English
Parasite,2019,8.5,840000,Comedy|Drama|Thriller,Bong Joon-ho,"Song Kang-ho, Lee Sun-kyun, Cho Yeo-jeong",132,Greed and class discrimination threaten the newly formed symbiotic relationship between the wealthy Park family and the destitute Kim clan.,Korean
The Departed,2006,8.5,1300000,Crime|Drama|Thriller,Martin Scorsese,"Leonardo DiCaprio, Matt Damon, Jack Nicholson",151,An undercover cop and a mole in the police attempt to identify each other while infiltrating an Irish gang in South Boston.,English
Whiplash,2014,8.5,790000,Drama|Music,Damien Chazelle,"Miles Teller, J.K. Simmons, Melissa Benoist",107,A promising young drummer enrolls at a cut-throat music conservatory where his dreams of greatness are mentored by an instructor who will stop at nothing to realize a student's potential.,English
The Prestige,2006,8.5,1200000,Drama|Mystery|Sci-Fi,Christopher Nolan,"Christian Bale, Hugh Jackman, Scarlett Johansson",130,After a tragic accident two stage magicians engage in a battle to create the ultimate illusion while sacrificing everything they have to outwit each other.,English
Gladiator,2000,8.5,1500000,Action|Adventure|Drama,Ridley Scott,"Russell Crowe, Joaquin Phoenix, Connie Nielsen",155,A former Roman General sets out to exact vengeance against the corrupt emperor who murdered his family and sent him into slavery.,English
Back to the Future,1985,8.5,1200000,Adventure|Comedy|Sci-Fi,Robert Zemeckis,"Michael J. Fox, Christopher Lloyd, Lea Thompson",116,"Marty McFly, a 17-year-old high school student, is accidentally sent thirty years into the past in a time-traveling DeLorean automobile built by his close friend.",English
The Lion King,1994,8.5,1000000,Animation|Adventure|Drama,Roger Allers,"Matthew Broderick, Jeremy Irons, James Earl Jones",88,"Lion prince Simba and his father are targeted by his bitter uncle, who wants to ascend the throne himself.",English
American History X,1998,8.5,1100000,Crime|Drama,Tony Kaye,"Edward Norton, Edward Furlong, Beverly D'Angelo",119,A former neo-nazi skinhead tries to prevent his younger brother from going down the same wrong path that he did.,English
Rear Window,1954,8.5,620000,Mystery|Thriller,Alfred Hitchcock,"James Stewart, Grace Kelly, Wendell Corey",112,A photographer with a broken leg spies on his neighbours from his apartment window and becomes convinced that one of them has committed murder.,English
Casablanca,1942,8.5,600000,Drama|Romance|War,Michael Curtiz,"Humphrey Bogart, Ingrid Bergman, Paul Henreid",102,A cynical American expatriate struggles to decide whether or not he should help his former lover and her fugitive husband escape French Morocco during the early years of World War II.,English
Psycho,1960,8.5,680000,Horror|Mystery|Thriller,Alfred Hitchcock,"Anthony Perkins, Janet Leigh, Vera Miles",109,"A Phoenix secretary embezzles forty thousand dollars from her employer's client, goes on the run, and checks into a remote motel run by a young man under the domination of his mother.",English
Heat,1995,8.3,640000,Action|Crime|Drama,Michael Mann,"Al Pacino, Robert De Niro, Val Kilmer",170,"A group of professional bank robbers start to feel the heat from police when they unknowingly leave a clue at their latest heist, while both sides are enmeshed in their own personal problems.",English
Toy Story,1995,8.3,1000000,Animation|Adventure|Comedy,John Lasseter,"Tom Hanks, Tim Allen, Don Rickles",81,A cowboy doll is profoundly threatened and jealous when a new spaceman figure supplants him as top toy in a boy's room.,English
Reservoir Dogs,1992,8.3,1100000,Crime|Drama|Thriller,Quentin Tarantino,"Harvey Keitel, Tim Roth, Michael Madsen",99,"When a simple jewelry heist goes horribly wrong, the surviving criminals begin to suspect that one of them is a police informant.",English
Full Metal Jacket,1987,8.3,700000,Drama|War,Stanley Kubrick,"Matthew Modine, R. Lee Ermey, Vincent D'Onofrio",116,A pragmatic U.S. Marine observes the dehumanizing effects the Vietnam War has on his fellow recruits from their brutal boot camp training to the bloody street fighting in Hue.,English
Amadeus,1984,8.4,530000,Biography|Drama|Music,Milos Forman,"F. Murray Abraham, Tom Hulce, Elizabeth Berridge",160,"The life, success and troubles of Wolfgang Amadeus Mozart, as told by Antonio Salieri, the contemporaneous composer who was deeply jealous of Mozart's talent and claimed to have caused his death.",English
Apocalypse Now,1979,8.4,700000,Drama|War,Francis Ford Coppola,"Martin Sheen, Marlon Brando, Robert Duvall",147,A U.S. Army officer serving in Vietnam is tasked with assassinating a renegade Special Forces Colonel who sees himself as a god.,English
Memento,2000,8.4,1200000,Mystery|Thriller,Christopher Nolan,"Guy Pearce, Carrie-Anne Moss, Joe Pantoliano",113,A man with short-term memory loss attempts to track down his wife's murderer.,English
The Dark Knight Rises,2012,8.4,1700000,Action|Adventure|Drama,Christopher Nolan,"Christian Bale, Tom Hardy, Anne Hathaway",164,Eight years after the Joker's reign of anarchy Batman assumes the mantle of responsibility and entangles itself with a plan to invade Gotham.,English
Django Unchained,2012,8.4,1500000,Drama|Western,Quentin Tarantino,"Jamie Foxx, Christoph Waltz, Leonardo DiCaprio",165,With the help of a German bounty-hunter Django Freeman sets out to rescue his wife Broomhilda from the clutches of Calvin Candie.,English
Avengers: Endgame,2019,8.4,1100000,Action|Adventure|Drama,Anthony Russo,"Robert Downey Jr., Chris Evans, Mark Ruffalo",181,"After the devastating events of Avengers: Infinity War, the universe is in ruins. With the help of remaining allies, the Avengers assemble once more.",English
Joker,2019,8.4,1200000,Crime|Drama|Thriller,Todd Phillips,"Joaquin Phoenix, Robert De Niro, Zazie Beetz",122,"In Gotham City, mentally troubled comedian Arthur Fleck is disregarded and mistreated by society. He then embarks on a downward spiral of revolution and bloody crime.",English
Avengers: Infinity War,2018,8.4,1000000,Action|Adventure|Sci-Fi,Anthony Russo,"Robert Downey Jr., Chris Hemsworth, Mark Ruffalo",149,The Avengers and their allies must be willing to sacrifice all in an attempt to defeat the powerful Thanos before his blitz of devastation and ruin puts an end to the universe.,English
Coco,2017,8.4,470000,Animation|Adventure|Family,Lee Unkrich,"Anthony Gonzalez, Gael García Bernal, Benjamin Bratt",105,"Aspiring musician Miguel, confronted with his family's baffling generations-old ban on music, enters the Land of the Dead to find his great-great-grandfather.",English
Wall-E,2008,8.4,1100000,Animation|Adventure|Family,Andrew Stanton,"Ben Burtt, Elissa Knight, Jeff Garlin",98,In the distant future a small waste collecting robot inadvertently embarks on a space journey that will ultimately decide the fate of mankind.,English
Oldboy,2003,8.4,610000,Action|Drama|Mystery,Park Chan-wook,"Choi Min-sik, Yoo Ji-tae, Kang Hye-jung",120,After being kidnapped and imprisoned for fifteen years a man is released only to discover that he has only five days to find his captor.,Korean
Spider-Man: Into the Spider-Verse,2018,8.4,460000,Animation|Action|Adventure,Bob Persichetti,"Shameik Moore, Jake Johnson, Hailee Steinfeld",117,Teen Miles Morales becomes the Spider-Man of his universe and must join with five counterparts from other dimensions to stop a threat for all realities.,English
Inglourious Basterds,2009,8.3,1400000,Adventure|Drama|War,Quentin Tarantino,"Brad Pitt, Diane Kruger, Eli Roth",153,"In Nazi-occupied France during World War II, a plan to assassinate Nazi leaders by a group of Jewish U.S. soldiers coincides with a theatre owner's similar plans for the same.",English
Eternal Sunshine of the Spotless Mind,2004,8.3,950000,Drama|Romance|Sci-Fi,Michel Gondry,"Jim Carrey, Kate Winslet, Tom Wilkinson",108,When their relationship turns sour a couple undergoes a medical procedure to have each other erased from their memories.,English
Toy Story 3,2010,8.3,700000,Animation|Adventure|Comedy,Lee Unkrich,"Tom Hanks, Tim Allen, Joan Cusack",103,The toys are mistakenly delivered to a day-care center instead of the attic right before Andy leaves for college and it's up to Woody to convince the other toys that they weren't abandoned.,English
Top Gun: Maverick,2022,8.3,510000,Action|Drama,Joseph Kosinski,"Tom Cruise, Jennifer Connelly, Miles Teller",130,After more than thirty years of service as one of the Navy's top aviators Pete Mitchell is where he belongs pushing the envelope as a courageous test pilot and dodging the advancement in rank.,English
1917,2019,8.3,560000,Drama|War,Sam Mendes,"Dean-Charles Chapman, George MacKay, Daniel Mays",119,April 6th 1917. As a regiment assembles to wage war deep in enemy territory two soldiers are assigned to race against time and deliver a message that will stop 1600 men from walking straight into a deadly trap.,English
American Beauty,1999,8.3,1100000,Drama|Romance,Sam Mendes,"Kevin Spacey, Annette Bening, Thora Birch",122,A sexually frustrated suburban father has a mid-life crisis after becoming infatuated with his daughter's best friend.,English
Amelie,2001,8.3,750000,Comedy|Romance,Jean-Pierre Jeunet,"Audrey Tautou, Mathieu Kassovitz, Rufus",122,Amelie is an innocent and naive girl in Paris with her own sense of justice. She decides to help those around her and along the way discovers love.,French
City of God,2002,8.6,780000,Crime|Drama,Fernando Meirelles,"Alexandre Rodrigues, Leandro Firmino, Phellipe Haagensen",130,"In the slums of Rio, two kids' paths diverge as one struggles to become a photographer and the other a kingpin.",Portuguese
The Pianist,2002,8.5,790000,Biography|Drama|Music,Roman Polanski,"Adrien Brody, Thomas Kretschmann, Frank Finlay",150,A Polish Jewish musician struggles to survive the destruction of the Warsaw Ghetto of World War II.,English
Lawrence of Arabia,1962,8.3,270000,Adventure|Biography|Drama,David Lean,"Peter O'Toole, Alec Guinness, Anthony Quinn",228,The story of T.E. Lawrence the English officer who successfully united and led the diverse Arab tribes in revolt against the Ottoman Empire during the First World War.,English
2001: A Space Odyssey,1968,8.3,700000,Adventure|Sci-Fi,Stanley Kubrick,"Keir Dullea, Gary Lockwood, William Sylvester",149,"After uncovering a mysterious artifact buried beneath the Lunar surface, a spacecraft is sent to Jupiter to find its origins.",English
Chinatown,1974,8.2,390000,Drama|Mystery|Thriller,Roman Polanski,"Jack Nicholson, Faye Dunaway, John Huston",130,"A private detective hired to expose an adulterer in 1930s Los Angeles finds himself caught up in a web of deceit, corruption, and murder.",English
Taxi Driver,1976,8.2,850000,Crime|Drama,Martin Scorsese,"Robert De Niro, Jodie Foster, Cybill Shepherd",113,A mentally unstable veteran works as a nighttime taxi driver in New York City where the perceived decay and corruption of the city cause him to go mad.,English
Raging Bull,1980,8.2,380000,Biography|Drama|Sport,Martin Scorsese,"Robert De Niro, Cathy Moriarty, Joe Pesci",129,"The life of boxer Jake La Motta, whose violence and temper that led him to the top in the ring destroyed his life outside of it.",English
Seven Samurai,1954,8.1,370000,Action|Adventure|Drama,Akira Kurosawa,"Toshiro Mifune, Takashi Shimura, Keiko Tsushima",207,Farmers from a village exploited by bandits recruit seven wandering samurai to help them fight back.,Japanese
Citizen Kane,1941,7.9,480000,Drama|Mystery,Orson Welles,"Orson Welles, Joseph Cotten, Dorothy Comingore",119,Following the death of publishing tycoon Charles Foster Kane a reporter embarks on a journey to discover the meaning of Kane's last word: Rosebud.,English
Blade Runner,1982,8.1,770000,Action|Sci-Fi|Thriller,Ridley Scott,"Harrison Ford, Rutger Hauer, Sean Young",117,"In 2019, a blade runner must pursue and terminate four replicants who stole a ship in space and have returned to Earth to find their creator.",English
The Terminator,1984,8.1,830000,Action|Sci-Fi,James Cameron,"Arnold Schwarzenegger, Linda Hamilton, Michael Biehn",107,"A human soldier is sent from 2029 to 1984 to stop an almost indestructible cyborg killing machine, sent from the same year, which has been programmed to execute a young woman.",English
Die Hard,1988,8.2,900000,Action|Thriller,John McTiernan,"Bruce Willis, Alan Rickman, Bonnie Bedelia",132,An New York City detective tries to save wife and several others taken hostage by German terrorists during a Christmas party at the Nakatomi Plaza in Los Angeles.,English
Dead Poets Society,1989,8.1,470000,Drama,Peter Weir,"Robin Williams, Robert Sean Leonard, Ethan Hawke",128,English teacher John Keating inspires his students to look at poetry with a different perspective of authentic knowledge and feelings.,English
The Big Lebowski,1998,8.1,810000,Comedy|Crime,Joel Coen,"Jeff Bridges, John Goodman, Julianne Moore",117,"Jeff ""The Dude"" Lebowski, mistaken for a millionaire of the same name, seeks restitution for his ruined rug and enlists his bowling buddies to help get it.",English
The Sixth Sense,1999,8.2,1000000,Drama|Mystery|Thriller,M. Night Shyamalan,"Bruce Willis, Haley Joel Osment, Toni Collette",107,"A child psychologist discovers that his new patient, a young boy, is communicating with dead people.",English
Requiem for a Dream,2000,8.3,880000,Drama,Darren Aronofsky,"Ellen Burstyn, Jared Leto, Jennifer Connelly",102,The drug-induced utopias of four Coney Island people are shattered when their addictions run deep.,English
A Beautiful Mind,2001,8.2,920000,Biography|Drama,Ron Howard,"Russell Crowe, Ed Harris, Jennifer Connelly",135,After John Nash a brilliant but asocial mathematician accepts secret work in cryptography his life takes a turn for the nightmarish.,English
Mulholland Drive,2001,7.9,440000,Drama|Mystery|Thriller,David Lynch,"Naomi Watts, Laura Harring, Justin Theroux",147,"After a car wreck on the winding Mulholland Drive renders a woman amnesiac, she and a perky Hollywood-hopeful search for clues and answers across Los Angeles.",English
No Country for Old Men,2007,8.2,870000,Crime|Drama|Thriller,Joel Coen,"Tommy Lee Jones, Javier Bardem, Josh Brolin",122,Violence and mayhem ensue after a hunter stumbles upon a drug deal gone wrong and more than two million dollars in cash near the Rio Grande.,English
There Will Be Blood,2007,8.2,480000,Drama,Paul Thomas Anderson,"Daniel Day-Lewis, Paul Dano, Ciarán Hinds",158,"A story of family, religion, hatred, oil and madness, focusing on a ruthless silver miner-turned-oilman's ferocious ambition.",English
The Wolf of Wall Street,2013,8.2,1400000,Biography|Crime|Drama,Martin Scorsese,"Leonardo DiCaprio, Jonah Hill, Margot Robbie",180,"Based on the true story of Jordan Belfort, from his rise to a wealthy stock-broker living the high life to his fall involving crime, corruption and the federal government.",English
Up,2009,8.2,1100000,Animation|Adventure|Comedy,Pete Docter,"Edward Asner, Jordan Nagai, John Ratzenberger",96,"Seventy-eight-year-old Carl Fredricksen travels to Paradise Falls in his house equipped with balloons, inadvertently taking a young stowaway.",English
Jurassic Park,1993,8.2,950000,Action|Adventure|Sci-Fi,Steven Spielberg,"Sam Neill, Laura Dern, Jeff Goldblum",127,A pragmatic paleontologist visiting an almost-complete theme park is tasked with protecting a couple of kids after a power failure causes the park's cloned dinosaurs to run loose.,English
The Truman Show,1998,8.2,1100000,Comedy|Drama,Peter Weir,"Jim Carrey, Ed Harris, Laura Linney",103,An insurance salesman/adjuster discovers his entire life is actually a television show.,English
Spider-Man: No Way Home,2021,8.2,780000,Action|Adventure|Fantasy,Jon Watts,"Tom Holland, Zendaya, Benedict Cumberbatch",148,With Spider-Man's identity now revealed Peter asks Doctor Strange for help. When a spell goes wrong dangerous foes from other worlds start to appear.,English
12 Years a Slave,2013,8.1,670000,Biography|Drama|History,Steve McQueen,"Chiwetel Ejiofor, Michael Kenneth Williams, Michael Fassbender",134,"In the antebellum United States, Solomon Northup, a free black man from upstate New York, is abducted and sold into slavery.",English
The Grand Budapest Hotel,2014,8.1,880000,Adventure|Comedy|Crime,Wes Anderson,"Ralph Fiennes, Tony Revolori, Saoirse Ronan",99,"A writer encounters the owner of an aging European hotel, who tells him of his early years serving as a lobby boy in the hotel's glorious years under an exceptional concierge.",English
Gone Girl,2014,8.1,920000,Drama|Mystery|Thriller,David Fincher,"Ben Affleck, Rosamund Pike, Neil Patrick Harris",149,With his wife's disappearance having become the focus of an intense media circus a man sees the spotlight turned on him when it's suspected that he may not be innocent.,English
Inside Out,2015,8.1,700000,Animation|Adventure|Comedy,Pete Docter,"Amy Poehler, Bill Hader, Mindy Kaling",95,"After young Riley is uprooted from her Midwest life and moved to San Francisco, her emotions - Joy, Fear, Anger, Disgust and Sadness - conflict on how best to navigate a new city.",English
Mad Max: Fury Road,2015,8.1,900000,Action|Adventure|Sci-Fi,George Miller,"Tom Hardy, Charlize Theron, Nicholas Hoult",120,"In a post-apocalyptic wasteland, a woman rebels against a tyrannical ruler in search for her homeland with the aid of a group of female prisoners, a psychotic worshiper, and a drifter.",English
Pan's Labyrinth,2006,8.2,730000,Drama|Fantasy|War,Guillermo del Toro,"Ivana Baquero, Ariadna Gil, Doug Jones",118,"In the Falangist Spain of 1944, the bookish young stepdaughter of a sadistic army officer escapes into an eerie but captivating fantasy world.",Spanish
Spotlight,2015,8.1,450000,Biography|Crime|Drama,Tom McCarthy,"Michael Keaton, Mark Ruffalo, Rachel McAdams",129,The true story of how the Boston Globe uncovered the massive scandal of child molestation and cover-up within the local Catholic Archdiocese.,English
The Martian,2015,8.0,880000,Adventure|Drama|Sci-Fi,Ridley Scott,"Matt Damon, Jessica Chastain, Kristen Wiig",144,"An astronaut becomes stranded on Mars after his team assume him dead, and must rely on his ingenuity to find a way to signal to Earth that he is alive.",English
Room,2015,8.1,350000,Drama|Thriller,Lenny Abrahamson,"Brie Larson, Jacob Tremblay, Sean Bridgers",118,"After five-year-old Jack and his mother escape from the enclosed surroundings that Jack has known his entire life, the boy makes a thrilling discovery.",English
Into the Wild,2007,8.1,600000,Adventure|Biography|Drama,Sean Penn,"Emile Hirsch, Vince Vaughn, Catherine Keener",148,"After graduating from Emory University in 1992, top student and athlete Christopher McCandless abandons his possessions, gives his entire savings to charity and hitchhikes to Alaska.",English
Slumdog Millionaire,2008,8.0,900000,Crime|Drama|Romance,Danny Boyle,"Dev Patel, Freida Pinto, Anil Kapoor",120,"A Mumbai teenager reflects on his life after being accused of cheating on the Indian version of ""Who Wants to be a Millionaire?""",English
District 9,2009,7.9,700000,Action|Sci-Fi|Thriller,Neill Blomkamp,"Sharlto Copley, David James, Jason Cope",112,An extraterrestrial race forced to live in slum-like conditions on Earth suddenly finds a kindred spirit in a government agent exposed to their biotechnology.,English
Drive,2011,7.8,680000,Crime|Drama|Thriller,Nicolas Winding Refn,"Ryan Gosling, Carey Mulligan, Bryan Cranston",100,A mysterious Hollywood stuntman and mechanic moonlights as a getaway driver and finds himself in trouble when he helps out his neighbor.,English
Life of Pi,2012,7.9,640000,Adventure|Drama|Fantasy,Ang Lee,"Suraj Sharma, Irrfan Khan, Adil Hussain",127,"A young man who survives a disaster at sea is hurtled into an epic journey of adventure and discovery. While cast away, he forms an unexpected connection with another survivor.",English
Silver Linings Playbook,2012,7.7,630000,Comedy|Drama|Romance,David O. Russell,"Bradley Cooper, Jennifer Lawrence, Robert De Niro",122,"After a stint in a mental institution, former teacher Pat Solitano moves back in with his parents and tries to reconcile with his ex-wife. Things get more complicated when Pat meets Tiffany.",English
Boyhood,2014,7.9,330000,Drama,Richard Linklater,"Ellar Coltrane, Patricia Arquette, Ethan Hawke",165,The life of Mason from early childhood to his arrival at college is chronicled in a story told through years of actual on-screen aging.,English
Birdman,2014,7.7,590000,Comedy|Drama,Alejandro G. Iñárritu,"Michael Keaton, Zach Galifianakis, Edward Norton",119,A faded superhero actor attempts to mount a comeback Broadway production in the days leading up to opening night as he struggles to cope with his current life.,English
Moonlight,2016,7.4,330000,Drama,Barry Jenkins,"Trevante Rhodes, André Holland, Janelle Monáe",111,"A young African-American man grapples with his identity and sexuality while experiencing the everyday struggles of childhood, adolescence, and burgeoning adulthood.",English
Manchester by the Sea,2016,7.8,390000,Drama,Kenneth Lonergan,"Casey Affleck, Michelle Williams, Kyle Chandler",137,A depressed uncle is asked to take care of his teenage nephew after the boy's father dies.,English
Hell or High Water,2016,7.7,380000,Crime|Drama|Western,David Mackenzie,"Chris Pine, Jeff Bridges, Ben Foster",102,A divorced father and his ex-con brother resort to a desperate scheme in order to save their family's ranch in West Texas.,English
Dunkirk,2017,7.9,670000,Action|Drama|History,Christopher Nolan,"Fionn Whitehead, Tom Glynn-Carney, Jack Lowden",106,Allied soldiers from Belgium the British Empire and France are surrounded by the German Army and evacuated during a fierce battle in World War II.,English
Three Billboards Outside Ebbing Missouri,2017,8.1,540000,Crime|Drama,Martin McDonagh,"Frances McDormand, Woody Harrelson, Sam Rockwell",115,A mother personally challenges the local authorities to solve her daughter's murder when they fail to catch the culprit.,English
Call Me by Your Name,2017,7.9,330000,Drama|Romance,Luca Guadagnino,"Armie Hammer, Timothée Chalamet, Michael Stuhlbarg",132,"In 1980s Italy, romance blossoms between seventeen-year-old Elio and the older man hired as his father's research assistant.",English
A Quiet Place,2018,7.5,470000,Drama|Horror|Sci-Fi,John Krasinski,"Emily Blunt, John Krasinski, Millicent Simmonds",90,"In a post-apocalyptic world, a family is forced to live in near silence while hiding from creatures that hunt by sound.",English
Hereditary,2018,7.3,350000,Drama|Horror|Mystery,Ari Aster,"Toni Collette, Milly Shapiro, Gabriel Byrne",127,"When the matriarch of the Graham family passes away, her daughter's family begins to unravel cryptic and terrifying secrets about their ancestry.",English
Roma,2018,7.7,340000,Drama,Alfonso Cuarón,"Yalitza Aparicio, Marina de Tavira, Diego Cortina Autrey",135,A year in the life of a middle-class family's maid in Mexico City in the early 1970s.,Spanish
Marriage Story,2019,7.9,410000,Comedy|Drama|Romance,Noah Baumbach,"Scarlett Johansson, Adam Driver, Laura Dern",137,Noah Baumbach's incisive and compassionate look at a marriage breaking up and a family staying together.,English
The Irishman,2019,7.8,430000,Biography|Crime|Drama,Martin Scorsese,"Robert De Niro, Al Pacino, Joe Pesci",209,"An aging hitman recalls his time with the mob and the intersecting events with his friend, Jimmy Hoffa, through the 1950-80s.",English
Soul,2020,8.1,490000,Animation|Adventure|Comedy,Pete Docter,"Jamie Foxx, Tina Fey, Graham Norton",101,A musician who has lost his passion for music is transported out of his body and must find his way back with the help of an infant soul learning about herself.,English
The Father,2020,8.2,310000,Drama|Mystery|Thriller,Florian Zeller,"Anthony Hopkins, Olivia Colman, Mark Gatiss",97,"A man refuses all assistance from his daughter as he ages. As he tries to make sense of his changing circumstances, he begins to doubt his loved ones, his own mind and even the fabric of his reality.",English
Minari,2020,7.5,200000,Drama,Lee Isaac Chung,"Steven Yeun, Yeri Han, Youn Yuh-jung",115,A Korean-American family moves to a tiny Arkansas farm in search of their own American dream. Amidst the challenges of this new life in the strange yet beautiful Ozarks.,Korean
Sound of Metal,2019,7.8,240000,Drama|Music,Darius Marder,"Riz Ahmed, Olivia Cooke, Paul Raci",120,A heavy-metal drummer's life is thrown into freefall when he begins to lose his hearing.,English
The Power of the Dog,2021,6.8,200000,Drama|Western,Jane Campion,"Benedict Cumberbatch, Kirsten Dunst, Jesse Plemons",126,"Charismatic rancher Phil Burbank inspires fear and awe in those around him. When his brother brings home a new wife and her son, Phil torments them until he finds himself exposed to the possibility of love.",English
Drive My Car,2021,7.6,120000,Drama|Romance,Ryusuke Hamaguchi,"Hidetoshi Nishijima, Toko Miura, Reika Kirishima",179,"A stage actor and director, still grappling with his wife's unexpected death, accepts a residency in Hiroshima, where his driver forces him to confront his past.",Japanese
CODA,2021,7.6,210000,Drama|Music|Romance,Sian Heder,"Emilia Jones, Troy Kotsur, Marlee Matlin",111,"As a CODA (Child of Deaf Adults), Ruby is the only hearing person in her deaf family. When the family's fishing business is threatened, Ruby finds herself torn between pursuing her love of music and her fear of abandoning her parents.",English
Tár,2022,7.4,250000,Drama|Music,Todd Field,"Cate Blanchett, Noémie Merlant, Nina Hoss",158,"Set in the international world of classical music, the film centers on Lydia Tár, widely considered one of the greatest living composers and conductors.",English
All Quiet on the Western Front,2022,7.7,310000,Drama|War,Edward Berger,"Felix Kammerer, Albrecht Schuch, Aaron Hilmer",148,Paul Baumer and his friends Albert and Muller enlist in the German army of World War I. Based on the all-time best-selling war novel.,German
The Fabelmans,2022,7.7,210000,Drama,Steven Spielberg,"Gabriel LaBelle, Michelle Williams, Paul Dano",151,"Growing up in post-World War II era Arizona, young Sammy Fabelman aspires to become a filmmaker as he reaches adolescence, but soon discovers a shattering family secret and explores how the power of films can help him see the truth.",English
Killers of the Flower Moon,2023,7.7,290000,Biography|Crime|Drama,Martin Scorsese,"Leonardo DiCaprio, Robert De Niro, Lily Gladstone",206,"Members of the Osage Nation are murdered under mysterious circumstances in the 1920s, sparking a major FBI investigation involving J. Edgar Hoover.",English
Poor Things,2023,8.0,340000,Comedy|Drama|Fantasy,Yorgos Lanthimos,"Emma Stone, Mark Ruffalo, Willem Dafoe",141,"The incredible tale about the fantastical evolution of Bella Baxter, a young woman brought back to life by the brilliant and unorthodox scientist Dr. Godwin Baxter.",English
Past Lives,2023,7.8,220000,Drama|Romance,Celine Song,"Greta Lee, Teo Yoo, John Magaro",106,Nora and Hae Sung two deeply connected childhood friends are separated when Nora's family emigrates from South Korea. Twenty years later they are reunited in New York for one fateful week.,Korean
Barbie,2023,6.9,420000,Adventure|Comedy|Fantasy,Greta Gerwig,"Margot Robbie, Ryan Gosling, America Ferrera",114,Barbie suffers a crisis that leads her to question her world and her existence.,English
Black Swan,2010,8.0,680000,Drama|Horror|Mystery,Darren Aronofsky,"Natalie Portman, Mila Kunis, Vincent Cassel",108,A committed dancer struggles to maintain her sanity after winning the lead role in a production of Tchaikovsky's Swan Lake.,English
The King's Speech,2010,8.0,670000,Biography|Drama|History,Tom Hooper,"Colin Firth, Geoffrey Rush, Helena Bonham Carter",118,"The story of King George VI of the United Kingdom, his impromptu ascension to the throne and the speech therapist who helped the unsure monarch overcome his stammer.",English
Her,2013,8.0,660000,Drama|Romance|Sci-Fi,Spike Jonze,"Joaquin Phoenix, Amy Adams, Scarlett Johansson",126,"In a near future, a lonely writer develops an unlikely relationship with an operating system designed to meet his every need.",English
Blade Runner 2049,2017,8.0,560000,Action|Drama|Mystery,Denis Villeneuve,"Ryan Gosling, Harrison Ford, Ana de Armas",164,Young Blade Runner K's discovery of a long-buried secret leads him to track down former Blade Runner Rick Deckard who's been missing for thirty years.,English
La La Land,2016,8.0,600000,Comedy|Drama|Music,Damien Chazelle,"Ryan Gosling, Emma Stone, John Legend",128,"While navigating their careers in Los Angeles, a pianist and an actress fall in love while attempting to reconcile their aspirations for the future.",English
The Revenant,2015,8.0,700000,Action|Adventure|Drama,Alejandro G. Iñárritu,"Leonardo DiCaprio, Tom Hardy, Will Poulter",156,A frontiersman on a fur trading expedition in the 1820s fights for survival after being mauled by a bear.,English
Dune,2021,8.0,670000,Action|Adventure|Drama,Denis Villeneuve,"Timothée Chalamet, Rebecca Ferguson, Zendaya",155,"Feature adaptation of Frank Herbert's science fiction novel, about the son of a noble family entrusted with the protection of the most valuable asset and most vital element in the galaxy.",English
Arrival,2016,7.9,670000,Drama|Mystery|Sci-Fi,Denis Villeneuve,"Amy Adams, Jeremy Renner, Forest Whitaker",116,"When twelve mysterious spacecraft appear around the world, linguistics professor Louise Banks is tasked with interpreting the language of the alien passengers inside.",English
Avatar,2009,7.9,1300000,Action|Adventure|Fantasy,James Cameron,"Sam Worthington, Zoe Saldana, Sigourney Weaver",162,A paraplegic Marine dispatched to the moon Pandora on a unique mission becomes torn between following his orders and protecting the world he feels is his home.,English
Guardians of the Galaxy,2014,7.9,1000000,Action|Adventure|Comedy,James Gunn,"Chris Pratt, Vin Diesel, Bradley Cooper",121,A group of intergalactic criminals must pull together to stop a fanatical warrior with plans to purge the universe.,English
Once Upon a Time in Hollywood,2019,7.6,580000,Comedy|Drama,Quentin Tarantino,"Leonardo DiCaprio, Brad Pitt, Margot Robbie",161,A faded television actor and his stunt double strive to achieve fame and success in the final years of Hollywood's Golden Age in 1969 Los Angeles.,English
Get Out,2017,7.7,560000,Horror|Mystery|Thriller,Jordan Peele,"Daniel Kaluuya, Allison Williams, Bradley Whitford",104,"A young African-American visits his white girlfriend's parents for the weekend, where his simmering uneasiness about their reception of him eventually reaches a boiling point.",English
Everything Everywhere All at Once,2022,7.8,550000,Action|Adventure|Comedy,Daniel Kwan,"Michelle Yeoh, Ke Huy Quan, Jamie Lee Curtis",139,A middle-aged Chinese immigrant is swept up in an insane adventure in which she alone can save existence by exploring other universes connecting with the lives she could have led.,English
The Social Network,2010,7.8,730000,Biography|Drama,David Fincher,"Jesse Eisenberg, Andrew Garfield, Justin Timberlake",120,As Harvard student Mark Zuckerberg creates the social networking site that would become known as Facebook he is sued by the twins who claimed he stewed their idea.,English
Gravity,2013,7.7,730000,Drama|Sci-Fi|Thriller,Alfonso Cuarón,"Sandra Bullock, George Clooney, Ed Harris",91,"Dr. Ryan Stone, a brilliant medical engineer on her first shuttle mission, is accompanied by veteran astronaut Matt Kowalski in what should be a routine spacewalk.",English
John Wick,2014,7.4,580000,Action|Crime|Thriller,Chad Stahelski,"Keanu Reeves, Michael Nyqvist, Alfie Allen",101,An ex-hitman comes out of retirement to track down the gangsters that killed his dog and took his car.,English
Ex Machina,2015,7.7,620000,Drama|Sci-Fi|Thriller,Alex Garland,"Domhnall Gleeson, Alicia Vikander, Oscar Isaac",108,A young programmer is selected to participate in a ground-breaking experiment in synthetic intelligence by evaluating the human qualities of a highly advanced humanoid A.I.,English
The Hateful Eight,2015,7.8,700000,Crime|Drama|Mystery,Quentin Tarantino,"Samuel L. Jackson, Kurt Russell, Jennifer Jason Leigh",187,"In the dead of a Wyoming winter, a bounty hunter and his prisoner find shelter in a cabin currently inhabited by a collection of nefarious characters.",English
Midnight in Paris,2011,7.7,450000,Comedy|Fantasy|Romance,Woody Allen,"Owen Wilson, Rachel McAdams, Kathy Bates",94,"While on a trip to Paris with his fiancée's family, a nostalgic screenwriter finds himself mysteriously going back to the 1920s every day at midnight.",English
The Artist,2011,7.9,220000,Comedy|Drama|Romance,Michel Hazanavicius,"Jean Dujardin, Bérénice Bejo, John Goodman",100,"A silent movie star meets a young dancer, but the emergence of sound film brings trouble to their looming romance.",French
Argo,2012,7.7,620000,Biography|Drama|History|Thriller,Ben Affleck,"Ben Affleck, Bryan Cranston, John Goodman",120,"Acting under the cover of a Hollywood producer scouting a location for a science fiction film, a CIA agent launches a dangerous operation to rescue six Americans in Tehran during the 1979 Iran hostage crisis.",English
Black Panther,2018,7.3,740000,Action|Adventure|Sci-Fi,Ryan Coogler,"Chadwick Boseman, Michael B. Jordan, Lupita Nyong'o",134,"T'Challa, heir to the hidden but advanced kingdom of Wakanda, must step forward to lead his people into a new future and must confront a challenger from his country's past.",English
The Good the Bad and the Ugly,1966,8.8,770000,Western,Sergio Leone,"Clint Eastwood, Eli Wallach, Lee Van Cleef",178,A bounty hunting scam joins two men in an uneasy alliance against a third in a race to find a fortune in gold buried in a remote cemetery.,Italian
The Shining,1980,8.4,1000000,Drama|Horror,Stanley Kubrick,"Jack Nicholson, Shelley Duvall, Danny Lloyd",146,A family heads to an isolated hotel for the winter where a sinister presence influences the father into violence while his psychic son sees horrific forebodings from the past and the future.,English
Alien,1979,8.5,930000,Horror|Sci-Fi,Ridley Scott,"Sigourney Weaver, Tom Skerritt, John Hurt",117,"After a space merchant vessel receives an unknown transmission as a distress call, one of the crew is attacked by a mysterious life form and they soon realize that its life cycle has merely begun.",English
Raiders of the Lost Ark,1981,8.4,1000000,Action|Adventure,Steven Spielberg,"Harrison Ford, Karen Allen, Paul Freeman",115,The United States government enlists the aid of archaeologist Indiana Jones to find the Ark of the Covenant before the Nazis.,English
Singin' in the Rain,1952,8.3,260000,Comedy|Music|Romance,Stanley Donen,"Gene Kelly, Donald O'Connor, Debbie Reynolds",103,"A silent film production company and cast make a difficult transition to sound, with the help of a young performer who has a golden voice.",English
Bicycle Thieves,1948,8.3,180000,Drama,Vittorio De Sica,"Lamberto Maggiorani, Enzo Staiola, Lianella Carell",89,"In post-war Rome, impoverished Antonio Ricci is overjoyed to find work hanging film posters—but when his bicycle is stolen, the job he so desperately needs is threatened.",Italian
On the Waterfront,1954,8.1,200000,Crime|Drama|Thriller,Elia Kazan,"Marlon Brando, Karl Malden, Eva Marie Saint",108,"An ex-prize fighter turned longshoreman struggles to stand up to his corrupt union bosses, aided by a crusading priest and the woman he loves.",English
To Kill a Mockingbird,1962,8.3,350000,Crime|Drama,Robert Mulligan,"Gregory Peck, John Megna, Frank Overton",129,Atticus Finch a lawyer in the Depression-era South defends a black man against an undeserved rape charge and his children against prejudice.,English
Once Upon a Time in the West,1968,8.5,340000,Western,Sergio Leone,"Henry Fonda, Charles Bronson, Claudia Cardinale",165,A mysterious harmonica-playing stranger teams up with a notorious desperado to protect a widow from a ruthless assassin working for railroad baron Morton.,Italian
Unforgiven,1992,8.2,520000,Western,Clint Eastwood,"Clint Eastwood, Gene Hackman, Morgan Freeman",131,Retired outlaw William Munny reluctantly takes on one last job with his old partner and a young man who calls himself the Schofield Kid.,English
Cool Hand Luke,1967,8.1,230000,Crime|Drama,Stuart Rosenberg,"Paul Newman, George Kennedy, J.D. Cannon",127,"A man refuses to conform to life in a rural Southern prison, where he becomes an inspiration to fellow inmates and a target for the brutal warden.",English
Some Like It Hot,1959,8.2,220000,Comedy|Romance,Billy Wilder,"Marilyn Monroe, Tony Curtis, Jack Lemmon",121,"When two male musicians witness a mob hit, they flee the state in an all-female band disguised as women, but further complications set in.",English
Network,1976,8.1,180000,Drama|Thriller,Sidney Lumet,"Faye Dunaway, William Holden, Peter Finch",121,A television network cynically exploits a deranged anchorman's ravings and revelations about the news media for its own profit.,English
The Bridge on the River Kwai,1957,8.1,240000,Adventure|Drama|War,David Lean,"William Holden, Alec Guinness, Jack Hawkins",161,"British POWs are forced to build a railway bridge across the river Kwai for their Japanese captors, but a member of the group turns saboteur.",English
Annie Hall,1977,8.0,350000,Comedy|Drama|Romance,Woody Allen,"Woody Allen, Diane Keaton, Tony Roberts",93,"Neurotic New York comedian Alvy Singer falls in love with the free-spirited Annie Hall, but their relationship is strained by his insecurities.",English
Braveheart,1995,8.3,960000,Biography|Drama|History,Mel Gibson,"Mel Gibson, Sophie Marceau, Patrick McGoohan",178,Scottish warrior William Wallace leads his countrymen in a rebellion to free Scotland from the tyranny of an English king.,English
Good Will Hunting,1997,8.3,1000000,Drama|Romance,Gus Van Sant,"Robin Williams, Matt Damon, Ben Affleck",126,"Will Hunting, a janitor at MIT, has a gift for mathematics but needs help from a psychologist to find direction in his life.",English
L.A. Confidential,1997,8.2,620000,Crime|Drama|Mystery|Thriller,Curtis Hanson,"Kevin Spacey, Russell Crowe, Guy Pearce",138,"As corruption grows in 1950s LA, three policemen — the straight-edged Exley, the brutal Vincennes, and the idealistic White — investigate a series of murders with their own brand of justice.",English
Gattaca,1997,7.8,360000,Drama|Sci-Fi|Thriller,Andrew Niccol,"Ethan Hawke, Uma Thurman, Jude Law",112,A genetically inferior man assumes the identity of a superior one in order to pursue his lifelong dream of space travel.,English
My Neighbor Totoro,1988,8.2,360000,Animation|Family,Hayao Miyazaki,"Noriko Hidaka, Dakota Fanning, Elle Fanning",86,"When two girls move to the country to be near their ailing mother, they have adventures with the wondrous forest spirits who live nearby.",Japanese
Grave of the Fireflies,1988,8.5,290000,Animation|Drama|War,Isao Takahata,"Tsutomu Tatsumi, Ayano Shiraishi, Akemi Yamaguchi",89,A devastating story of two Japanese siblings trying to survive the last months of World War II after being orphaned by a firebombing.,Japanese
Princess Mononoke,1997,8.3,420000,Animation|Action|Adventure,Hayao Miyazaki,"Yoji Matsuda, Yuriko Ishida, Yuko Tanaka",134,"On a journey to find the cure for a Tatarigami's curse, Ashitaka finds himself in the middle of a war between the forest gods and Tatara, a mining colony.",Japanese
Finding Nemo,2003,8.2,1000000,Animation|Adventure|Comedy,Andrew Stanton,"Albert Brooks, Ellen DeGeneres, Alexander Gould",100,"After his son is captured in the Great Barrier Reef and taken to Sydney, a timid clownfish sets out on a journey to bring him home.",English
The Incredibles,2004,8.0,1000000,Animation|Action|Adventure,Brad Bird,"Craig T. Nelson, Holly Hunter, Samuel L. Jackson",115,"A family of undercover superheroes, while trying to live the quiet suburban life, are forced into action to save the world.",English
Ratatouille,2007,8.1,820000,Animation|Comedy|Family,Brad Bird,"Patton Oswalt, Ian Holm, Lou Romano",111,A rat who can cook makes an unusual alliance with a young kitchen worker at a famous restaurant.,English
How to Train Your Dragon,2010,8.1,730000,Animation|Action|Adventure,Dean DeBlois,"Jay Baruchel, Gerard Butler, Craig Ferguson",98,"A young Viking who aspires to hunt dragons becomes the unlikely friend of a young dragon himself, and learns there may be more to the creatures than he assumed.",English
Frozen,2013,7.4,660000,Animation|Adventure|Comedy,Chris Buck,"Kristen Bell, Idina Menzel, Jonathan Groff",102,"When the newly crowned Queen Elsa accidentally uses her power to turn things into ice to curse her home in infinite winter, her sister Anna teams up with a mountaineer, his playful reindeer, and a snowman to change the weather.",English
Zootopia,2016,8.0,600000,Animation|Adventure|Comedy,Byron Howard,"Ginnifer Goodwin, Jason Bateman, Idris Elba",108,"In a city of anthropomorphic animals, a rookie bunny cop and a cynical con artist fox must work together to uncover a conspiracy.",English
Puss in Boots: The Last Wish,2022,7.9,280000,Animation|Action|Adventure,Joel Crawford,"Antonio Banderas, Salma Hayek, Harvey Guillén",100,"Puss in Boots discovers that his passion for adventure has taken its toll: he has burned through eight of his nine lives, leaving him with only one life left.",English
The Lives of Others,2006,8.4,380000,Drama|Thriller,Florian Henckel von Donnersmarck,"Ulrich Mühe, Martina Gedeck, Sebastian Koch",137,"In 1984 East Berlin, an agent of the secret police conducting surveillance on a writer and his lover finds himself becoming increasingly absorbed by their lives.",German
A Separation,2011,8.3,330000,Drama|Mystery|Thriller,Asghar Farhadi,"Leila Hatami, Peyman Moaadi, Ali Mosaffa",123,A married couple are faced with a difficult decision — to improve their lives by moving abroad or to stay in Iran and look after a deteriorating parent.,Persian
Wild Strawberries,1957,8.2,100000,Drama,Ingmar Bergman,"Victor Sjöström, Bibi Andersson, Ingrid Thulin",91,An elderly professor reflects on his past during a long car journey to receive an honorary degree.,Swedish
Crouching Tiger Hidden Dragon,2000,7.9,340000,Action|Adventure|Drama,Ang Lee,"Chow Yun-fat, Michelle Yeoh, Ziyi Zhang",120,A young Chinese warrior steals a sword from a famed swordsman and then escapes into a world of romantic adventures with a mysterious man in the frontier of the nation.,Chinese
Let the Right One In,2008,8.0,290000,Drama|Horror|Romance,Tomas Alfredson,"Kåre Hedebrant, Lina Leandersson, Per Ragnar",114,"Oscar, a bullied 12-year-old, finds love and revenge through Eli, a peculiar girl who turns out to be a vampire.",Swedish
Another Round,2020,7.7,200000,Comedy|Drama,Thomas Vinterberg,"Mads Mikkelsen, Thomas Bo Larsen, Magnus Millang",117,Four friends take part in an experiment to see if maintaining a constant level of blood alcohol improves their work and family lives.,Danish
Wild Tales,2014,8.1,210000,Comedy|Drama|Thriller,Damián Szifron,"Ricardo Darín, Oscar Martínez, Leonardo Sbaraglia",122,Six short stories that explore the extremities of human behavior involving people in distressing real-life situations that lead to violence.,Spanish
Portrait of a Lady on Fire,2019,8.1,180000,Drama|Romance,Céline Sciamma,"Noémie Merlant, Adèle Haenel, Luàna Bajrami",122,On an isolated island in Brittany at the end of the eighteenth century a female painter is obliged to paint a wedding portrait of a young woman.,French
8½,1963,8.0,140000,Drama|Fantasy,Federico Fellini,"Marcello Mastroianni, Claudia Cardinale, Anouk Aimée",138,A harried movie director retreats into his memories and fantasies.,Italian
When Harry Met Sally,1989,7.6,330000,Comedy|Drama|Romance,Rob Reiner,"Billy Crystal, Meg Ryan, Carrie Fisher",96,"Harry and Sally have known each other for years, and are very good friends, but they fear sex would ruin the friendship.",English
Groundhog Day,1993,8.1,690000,Comedy|Fantasy|Romance,Harold Ramis,"Bill Murray, Andie MacDowell, Chris Elliott",101,A weatherman finds himself inexplicably living the same day over and over again.,English
Superbad,2007,7.6,560000,Comedy,Greg Mottola,"Jonah Hill, Michael Cera, Emma Stone",113,Two co-dependent high school seniors are forced to deal with separation anxiety after their plan to stage a booze-soaked party goes awry.,English
The Hangover,2009,7.7,800000,Comedy,Todd Phillips,"Bradley Cooper, Ed Helms, Zach Galifianakis",100,"Three buddies wake up from a bachelor party in Las Vegas, with no memory of the previous night and the bachelor missing.",English
Knives Out,2019,7.9,590000,Comedy|Crime|Drama,Rian Johnson,"Daniel Craig, Chris Evans, Ana de Armas",130,"A detective investigates the death of a patriarch of an eccentric, combative family.",English
The Favourite,2018,7.5,270000,Biography|Comedy|Drama|History,Yorgos Lanthimos,"Olivia Colman, Emma Stone, Rachel Weisz",119,"In early 18th century England, a frail Queen Anne occupies the throne and her close friend Lady Sarah Churchill governs the country in her stead.",English
E.T. the Extra-Terrestrial,1982,7.9,430000,Adventure|Family|Sci-Fi,Steven Spielberg,"Henry Thomas, Drew Barrymore, Peter Coyote",115,A troubled child summons the courage to help a friendly alien escape Earth and return to his home world.,English
The Fifth Element,1997,7.7,550000,Action|Adventure|Sci-Fi,Luc Besson,"Bruce Willis, Gary Oldman, Milla Jovovich",126,"In the colorful future, a cab driver unwittingly becomes the central figure in the search for a legendary cosmic weapon to keep Evil and Mr. Zorg at bay.",English
Donnie Darko,2001,8.0,810000,Drama|Mystery|Sci-Fi|Thriller,Richard Kelly,"Jake Gyllenhaal, Jena Malone, Mary McDonnell",113,"After narrowly escaping a bizarre accident, a troubled teenager is plagued by visions of a man in a large rabbit suit who manipulates him to commit a series of crimes.",English
Minority Report,2002,7.7,730000,Action|Crime|Mystery|Sci-Fi|Thriller,Steven Spielberg,"Tom Cruise, Max von Sydow, Steve Harris",145,"In a future where a special police unit is able to arrest murderers before they commit their crimes, an officer from that unit is himself accused of a future murder.",English
Moon,2009,7.9,430000,Drama|Mystery|Sci-Fi,Duncan Jones,"Sam Rockwell, Kevin Spacey, Dominique McElligott",97,Astronaut Sam Bell has a quintessentially personal encounter toward the end of his three-year stint on the Moon.,English
Looper,2012,7.4,520000,Action|Crime|Drama|Sci-Fi|Thriller,Rian Johnson,"Joseph Gordon-Levitt, Bruce Willis, Emily Blunt",119,"In 2074, when the mob wants to get rid of someone, the target is sent into the past, where a hired gun awaits.",English
Edge of Tomorrow,2014,7.9,540000,Action|Adventure|Sci-Fi,Doug Liman,"Tom Cruise, Emily Blunt, Bill Paxton",113,A military officer is brought into an alien war against an extraterrestrial enemy who can reset the day and know all the human war plans.,English
Casino Royale,2006,8.0,800000,Action|Adventure|Thriller,Martin Campbell,"Daniel Craig, Eva Green, Mads Mikkelsen",144,"Armed with a licence to kill, Secret Agent James Bond sets out on his first mission as 007 and must defeat a private banker funding terrorists in a high-stakes game of poker.",English
The Bourne Ultimatum,2007,8.0,720000,Action|Mystery|Thriller,Paul Greengrass,"Matt Damon, Julia Stiles, David Strathairn",115,Jason Bourne dodges a ruthless CIA official and his agents from a new assassination program while searching for the origins of his life as a trained killer.,English
Philadelphia,1993,7.7,280000,Drama,Jonathan Demme,"Tom Hanks, Denzel Washington, Roberta Maxwell",125,A man who was fired from his law firm because he has AIDS decides to fight back by suing the company for discrimination.,English
The Hurt Locker,2008,7.5,400000,Drama|Thriller|War,Kathryn Bigelow,"Jeremy Renner, Anthony Mackie, Brian Geraghty",131,"During the Iraq War, a Sergeant recently assigned to an army bomb squad is put at odds with his squad mates due to his maverick way of handling life-threatening situations.",English
The Pursuit of Happyness,2006,8.0,770000,Biography|Drama,Gabriele Muccino,"Will Smith, Jaden Smith, Thandie Newton",117,A struggling salesman takes custody of his son as he's poised to begin a life-changing professional endeavor.,English
Million Dollar Baby,2004,8.1,660000,Drama|Sport,Clint Eastwood,"Clint Eastwood, Hilary Swank, Morgan Freeman",132,A determined woman works with a hardened boxing trainer to become a professional boxer.,English
Do the Right Thing,1989,7.9,130000,Comedy|Drama,Spike Lee,"Danny Aiello, Ossie Davis, Ruby Dee",120,On the hottest day of the year in Brooklyn's Bedford-Stuyvesant neighborhood a series of events lead to a tragic race riot.,English
True Grit,2010,7.6,460000,Adventure|Drama|Western,Joel Coen,"Jeff Bridges, Matt Damon, Hailee Steinfeld",110,A stubborn teenager enlists the help of a tough U.S. Marshal to track down her father's murderer.,English
The Thing,1982,8.1,450000,Horror|Mystery|Sci-Fi,John Carpenter,"Kurt Russell, Wilford Brimley, Keith David",109,A research team in Antarctica is hunted by a shape-shifting alien that assumes the appearance of its victims.,English
28 Days Later,2002,7.6,360000,Drama|Horror|Sci-Fi,Danny Boyle,"Cillian Murphy, Naomie Harris, Christopher Eccleston",113,"Four weeks after a mysterious, incurable virus spreads throughout the UK, a handful of survivors try to find sanctuary.",English
A Nightmare on Elm Street,1984,7.5,250000,Horror,Wes Craven,"Heather Langenkamp, Robert Englund, John Saxon",91,"The monstrous spirit of a slain child killer stalks the children of the adults who murdered him, causing their deaths in their dreams.",English
Midsommar,2019,7.1,290000,Drama|Horror|Mystery,Ari Aster,"Florence Pugh, Jack Reynor, William Jackson Harper",148,A couple travels to Northern Europe to visit a rural hometown's fabled midsummer festival. What begins as an idyllic retreat quickly devolves into an increasingly violent and bizarre competition at the hands of a pagan cult.,English
It,2017,7.3,490000,Drama|Horror,Andy Muschietti,"Jaeden Martell, Bill Skarsgård, Finn Wolfhard",135,Seven young outcasts in Derry Maine are about to face their worst nightmare — an ancient shape-shifting evil that emerges from the sewer every 27 years to prey on the town's children.,English
The Witch,2015,6.9,190000,Drama|Horror|Mystery,Robert Eggers,"Anya Taylor-Joy, Ralph Ineson, Kate Dickie",92,"A family in 1630s New England is torn apart by the forces of witchcraft, black magic, and possession.",English
Burning,2018,7.5,90000,Drama|Mystery|Thriller,Lee Chang-dong,"Ah-In Yoo, Steven Yeun, Jong-seo Jun",148,Jong-su bumps into a girl who used to live in the same neighborhood and she asks him to look after her cat while she's travelling. When she returns she introduces Ben a mysterious new guy she met.,Korean
Baby Driver,2017,7.6,520000,Action|Crime|Drama|Music,Edgar Wright,"Ansel Elgort, Jon Bernthal, Jon Hamm",113,"After being coerced into working for a crime boss, a young getaway driver finds himself taking part in a heist doomed to fail.",English
Mission: Impossible - Fallout,2018,7.7,470000,Action|Adventure|Thriller,Christopher McQuarrie,"Tom Cruise, Henry Cavill, Ving Rhames",147,Ethan Hunt and his IMF team along with some familiar allies race against time after a mission gone wrong.,English
